{"cameraMode":{"drawMode":0,"name":"Shaded","section":"Shading Mode"},"sceneLighting":true,"audioPlay":false,"sceneViewState":{"showFog":false,"showMaterialUpdate":false,"showSkybox":false,"showFlares":false,"showImageEffects":false,"showParticleSystems":false},"in2DMode":false,"pivot":{"x":6.48542594909668,"y":-7.7170538902282719,"z":-87.84407806396485},"rotation":{"x":-0.24978387355804444,"y":0.7070135474205017,"z":-0.2990281581878662,"w":-0.5902649760246277},"size":32.528663635253909,"orthographic":false}