{"cameraMode":{"drawMode":0,"name":"Shaded","section":"Shading Mode"},"sceneLighting":true,"audioPlay":false,"sceneViewState":{"showFog":false,"showMaterialUpdate":false,"showSkybox":false,"showFlares":false,"showImageEffects":false,"showParticleSystems":false},"in2DMode":false,"pivot":{"x":0.6603237986564636,"y":0.5412541627883911,"z":0.6737446784973145},"rotation":{"x":-0.06597013771533966,"y":-0.9307706952095032,"z":0.29131296277046206,"w":-0.21098458766937257},"size":5.287893295288086,"orthographic":false}