{"cameraMode":{"drawMode":0,"name":"Shaded","section":"Shading Mode"},"sceneLighting":true,"audioPlay":false,"sceneViewState":{"showFog":false,"showMaterialUpdate":false,"showSkybox":false,"showFlares":false,"showImageEffects":false,"showParticleSystems":false},"in2DMode":false,"pivot":{"x":18.01797866821289,"y":9.058704376220704,"z":-62.3409309387207},"rotation":{"x":-0.11185842007398606,"y":0.292951375246048,"z":-0.03445524349808693,"w":-0.9489832520484924},"size":32.528663635253909,"orthographic":false}