{"cameraMode":{"drawMode":0,"name":"Shaded","section":"Shading Mode"},"sceneLighting":true,"audioPlay":false,"sceneViewState":{"showFog":true,"showMaterialUpdate":true,"showSkybox":true,"showFlares":true,"showImageEffects":true,"showParticleSystems":true},"in2DMode":false,"pivot":{"x":-0.2452096939086914,"y":4.157902240753174,"z":-1.5140256881713868},"rotation":{"x":-0.009633058682084084,"y":0.9900952577590942,"z":-0.0866650938987732,"w":-0.11005253344774246},"size":14.5579195022583,"orthographic":false}