{"cameraMode":{"drawMode":0,"name":"Shaded","section":"Shading Mode"},"sceneLighting":true,"audioPlay":false,"sceneViewState":{"showFog":true,"showMaterialUpdate":true,"showSkybox":true,"showFlares":true,"showImageEffects":true,"showParticleSystems":true},"in2DMode":false,"pivot":{"x":37.55464172363281,"y":10.03863525390625,"z":-28.38234519958496},"rotation":{"x":-0.08971954882144928,"y":0.5711084604263306,"z":-0.06293875724077225,"w":-0.8135800957679749},"size":10.582883834838868,"orthographic":false}