{"cameraMode":{"drawMode":0,"name":"Shaded","section":"Shading Mode"},"sceneLighting":false,"audioPlay":false,"sceneViewState":{"showFog":true,"showMaterialUpdate":false,"showSkybox":false,"showFlares":true,"showImageEffects":true,"showParticleSystems":true},"in2DMode":false,"pivot":{"x":2.4750277996063234,"y":12.192480087280274,"z":-4.96250057220459},"rotation":{"x":-0.1684883087873459,"y":-0.246392160654068,"z":0.043534088879823688,"w":-0.9534351825714111},"size":0.6339746713638306,"orthographic":false}