{"cameraMode":{"drawMode":0,"name":"Shaded","section":"Shading Mode"},"sceneLighting":false,"audioPlay":false,"sceneViewState":{"showFog":true,"showMaterialUpdate":false,"showSkybox":false,"showFlares":true,"showImageEffects":true,"showParticleSystems":true},"in2DMode":false,"pivot":{"x":3.4909682273864748,"y":20.572925567626954,"z":-5.859314918518066},"rotation":{"x":0.24941472709178925,"y":-0.5452307462692261,"z":0.1740456223487854,"w":0.781292736530304},"size":6.114662170410156,"orthographic":false}