{"cameraMode":{"drawMode":0,"name":"Shaded","section":"Shading Mode"},"sceneLighting":false,"audioPlay":false,"sceneViewState":{"showFog":true,"showMaterialUpdate":false,"showSkybox":false,"showFlares":true,"showImageEffects":true,"showParticleSystems":true},"in2DMode":false,"pivot":{"x":9.67105484008789,"y":26.162109375,"z":1.675335168838501},"rotation":{"x":-0.04864100366830826,"y":0.8531665802001953,"z":-0.08087266236543656,"w":-0.5131388902664185},"size":1.1534311771392823,"orthographic":false}