{"cameraMode":{"drawMode":0,"name":"Shaded","section":"Shading Mode"},"sceneLighting":false,"audioPlay":false,"sceneViewState":{"showFog":true,"showMaterialUpdate":false,"showSkybox":false,"showFlares":true,"showImageEffects":true,"showParticleSystems":true},"in2DMode":false,"pivot":{"x":5.2292304039001469,"y":25.504810333251954,"z":1.1859580278396607},"rotation":{"x":-0.026614326983690263,"y":0.9692580103874207,"z":-0.1213090643286705,"w":-0.21266426146030427},"size":1.1534311771392823,"orthographic":false}