{"cameraMode":{"drawMode":0,"name":"Shaded","section":"Shading Mode"},"sceneLighting":true,"audioPlay":false,"sceneViewState":{"showFog":true,"showMaterialUpdate":false,"showSkybox":true,"showFlares":true,"showImageEffects":true,"showParticleSystems":true},"in2DMode":false,"pivot":{"x":27.430334091186525,"y":36.251243591308597,"z":30.026090621948243},"rotation":{"x":-0.1570810228586197,"y":0.8077786564826965,"z":-0.2500554919242859,"w":-0.5105384588241577},"size":3.1101062297821047,"orthographic":false}