{"cameraMode":{"drawMode":0,"name":"Shaded","section":"Shading Mode"},"sceneLighting":true,"audioPlay":false,"sceneViewState":{"showFog":true,"showMaterialUpdate":false,"showSkybox":true,"showFlares":true,"showImageEffects":true,"showParticleSystems":true},"in2DMode":false,"pivot":{"x":264.97406005859377,"y":-253.4174041748047,"z":111.82990264892578},"rotation":{"x":-0.30699431896209719,"y":-0.49511146545410159,"z":0.19157886505126954,"w":-0.7901103496551514},"size":238.29464721679688,"orthographic":false}