{"cameraMode":{"drawMode":0,"name":"Shaded","section":"Shading Mode"},"sceneLighting":true,"audioPlay":false,"sceneViewState":{"showFog":true,"showMaterialUpdate":false,"showSkybox":true,"showFlares":true,"showImageEffects":true,"showParticleSystems":true},"in2DMode":false,"pivot":{"x":148.47999572753907,"y":27.099998474121095,"z":0.0},"rotation":{"x":-0.03763357922434807,"y":-0.11341597139835358,"z":0.003713128622621298,"w":-0.9930102229118347},"size":155.4324493408203,"orthographic":false}