{"cameraMode":{"drawMode":0,"name":"Shaded","section":"Shading Mode"},"sceneLighting":false,"audioPlay":false,"sceneViewState":{"showFog":true,"showMaterialUpdate":false,"showSkybox":false,"showFlares":true,"showImageEffects":true,"showParticleSystems":true},"in2DMode":false,"pivot":{"x":3.5699996948242189,"y":10.84000015258789,"z":-21.510000228881837},"rotation":{"x":0.43150851130485537,"y":0.09021799266338349,"z":-0.04329857975244522,"w":0.8966967463493347},"size":0.6457301378250122,"orthographic":false}