{"cameraMode":{"drawMode":0,"name":"Shaded","section":"Shading Mode"},"sceneLighting":false,"audioPlay":false,"sceneViewState":{"showFog":true,"showMaterialUpdate":false,"showSkybox":false,"showFlares":true,"showImageEffects":true,"showParticleSystems":true},"in2DMode":false,"pivot":{"x":3.5699996948242189,"y":10.84000015258789,"z":-21.510000228881837},"rotation":{"x":0.13064424693584443,"y":0.4572603404521942,"z":-0.06821394711732865,"w":0.8771083950996399},"size":2.9660251140594484,"orthographic":false}