{"cameraMode":{"drawMode":0,"name":"Shaded","section":"Shading Mode"},"sceneLighting":false,"audioPlay":false,"sceneViewState":{"showFog":true,"showMaterialUpdate":false,"showSkybox":false,"showFlares":true,"showImageEffects":true,"showParticleSystems":true},"in2DMode":false,"pivot":{"x":35.00288391113281,"y":10.117197036743164,"z":-61.042049407958987},"rotation":{"x":-0.20059505105018617,"y":0.07073011994361878,"z":-0.014642655849456787,"w":-0.9770539999008179},"size":4.1158223152160648,"orthographic":false}