{"cameraMode":{"drawMode":0,"name":"Shaded","section":"Shading Mode"},"sceneLighting":true,"audioPlay":false,"sceneViewState":{"showFog":true,"showMaterialUpdate":false,"showSkybox":true,"showFlares":true,"showImageEffects":true,"showParticleSystems":true},"in2DMode":false,"pivot":{"x":71.69217681884766,"y":8.904399871826172,"z":64.29103088378906},"rotation":{"x":-0.3213375508785248,"y":-0.35224026441574099,"z":0.1300884336233139,"w":-0.8693929314613342},"size":3.086864948272705,"orthographic":false}