{"cameraMode":{"drawMode":0,"name":"Shaded","section":"Shading Mode"},"sceneLighting":true,"audioPlay":false,"sceneViewState":{"showFog":true,"showMaterialUpdate":false,"showSkybox":true,"showFlares":true,"showImageEffects":true,"showParticleSystems":true},"in2DMode":false,"pivot":{"x":19.957738876342775,"y":213.48927307128907,"z":-385.6311340332031},"rotation":{"x":0.2319796234369278,"y":0.21251268684864045,"z":-0.05191144347190857,"w":0.9478608965873718},"size":10.920249938964844,"orthographic":false}